<?xml version="1.0" encoding="utf-8" ?>
<component name="HelloWorld" extends="Scene"> 
	<children>
      <Label id="myLabel" 
      	text="Big TV"
      	width="1280" 
      	height="720" 
      	horizAlign="center"
      	vertAlign="center"
     	/>
      <Label id="myLabel2" 
      	text="John TV"
      	width="1000" 
      	height="400" 
      	horizAlign="right"
      	vertAlign="center"
     	/>
      <Label id="myLabel3" 
      	text="...James TV"
      	width="500" 
      	height="200" 
      	horizAlign="left"
      	vertAlign="center"
     	/>
	    <Label id="myLabel4" 
      	text="...Hannah TV"
      	width="500" 
      	height="200" 
      	horizAlign="left"
      	vertAlign="bottom"
     	/>    
	</children>
<script type="text/brightscript" >
<![CDATA[
  function init()
    m.top.setFocus(true)
    m.myLabel = m.top.findNode("myLabel")
    m.myLabel.font.size=150
    m.myLabel.color="0xCCCCCC"
    m.myLabel2 = m.top.findNode("myLabel2")
    m.myLabel2.font.size=50
    m.myLabel2.color="0xdddddd"
    m.myLabel3 = m.top.findNode("myLabel3")
    m.myLabel3.font.size=50
    m.myLabel3.color="0xff0000ff"
    m.myLabel3 = m.top.findNode("myLabel4")
    m.myLabel3.font.size=80
    m.myLabel3.color="0x00ff00"
  end function
]]>
</script>
</component>
